1628695800000,46687.76000000,46743.47000000,46500.00000000,46635.75000000,945.34320100,1628696699999,44067559.66799637,28716,473.39267300,22072540.36225583,0
1628696700000,46635.76000000,46649.56000000,46370.00000000,46456.02000000,704.52737900,1628697599999,32750085.75698005,22704,332.31629600,15446741.42610325,0
1628697600000,46456.91000000,46518.00000000,46270.62000000,46417.52000000,925.31301100,1628698499999,42912585.84175938,22438,511.05410000,23702846.71254025,0
1628698500000,46411.74000000,46576.52000000,46330.04000000,46386.98000000,626.19958300,1628699399999,29100724.52924974,18306,313.63858200,14577067.42718525,0
1628699400000,46386.99000000,46433.67000000,46316.42000000,46346.29000000,468.75141900,1628700299999,21737756.39818659,13521,220.06337100,10205790.71960508,0
1628700300000,46347.52000000,46423.54000000,46205.37000000,46347.78000000,591.96244500,1628701199999,27415995.09741847,15014,302.82865500,14027202.65974678,0
1628701200000,46347.78000000,46441.22000000,46262.87000000,46390.86000000,419.21409900,1628702099999,19434373.84327638,12871,230.86265500,10703773.83727631,0
1628702100000,46390.86000000,46399.71000000,46313.93000000,46363.57000000,242.64321100,1628702999999,11249406.15770055,9744,131.81644800,6111331.23711256,0
1628703000000,46363.58000000,46519.99000000,46363.57000000,46439.44000000,353.52621400,1628703899999,16423457.51271409,11915,191.30233800,8887479.12592206,0
1628703900000,46439.44000000,46605.84000000,46405.00000000,46522.11000000,444.97457200,1628704799999,20689693.27395615,12967,244.64344700,11376652.10203789,0
1628704800000,46522.14000000,46607.94000000,46350.01000000,46360.00000000,426.07916200,1628705699999,19790633.77223944,10863,218.98582900,10174010.68204482,0
1628705700000,46360.00000000,46360.01000000,46270.01000000,46313.55000000,426.19280200,1628706599999,19733591.66895562,12140,239.40914400,11084733.46481773,0
1628706600000,46313.54000000,46412.58000000,46277.52000000,46351.50000000,370.28320700,1628707499999,17150928.78829909,10408,228.96844400,10606329.94818790,0
1628707500000,46351.51000000,46441.00000000,46272.22000000,46302.83000000,284.20002400,1628708399999,13169276.95164660,9692,159.79497100,7404396.68737966,0
1628708400000,46302.83000000,46372.69000000,46229.99000000,46299.43000000,318.05354100,1628709299999,14725050.62726607,10794,166.43475400,7705888.59074678,0
1628709300000,46299.43000000,46350.00000000,46212.00000000,46339.98000000,349.03163900,1628710199999,16150858.39910239,10242,162.91304000,7539079.03908604,0
1628710200000,46340.00000000,46379.94000000,46266.76000000,46359.36000000,242.41322300,1628711099999,11232198.34018781,9816,120.07905800,5564142.46652538,0
1628711100000,46359.37000000,46485.29000000,46310.00000000,46448.00000000,558.38149800,1628711999999,25916630.70361068,15130,353.61723800,16412231.95649602,0
1628712000000,46448.01000000,46666.00000000,46416.99000000,46601.00000000,603.53036400,1628712899999,28108496.60933641,18568,352.87400800,16434394.87424185,0
1628712900000,46601.00000000,46680.00000000,46551.36000000,46557.67000000,479.42555800,1628713799999,22345245.49437401,13421,286.31545200,13346491.43606865,0
1628713800000,46557.68000000,46587.94000000,46446.91000000,46504.69000000,438.44377000,1628714699999,20398542.83337617,11383,160.58651100,7472684.97140296,0
1628714700000,46504.69000000,46504.70000000,46307.20000000,46319.74000000,390.82253800,1628715599999,18127409.51092231,12044,195.00488600,9044816.98744096,0
1628715600000,46319.73000000,46319.74000000,45988.98000000,46100.48000000,1213.18726400,1628716499999,55951218.45201985,36689,471.22404400,21737576.19354286,0
1628716500000,46100.48000000,46185.96000000,45900.12000000,46148.93000000,710.75778500,1628717399999,32700354.22825231,24239,352.01349000,16196493.61370559,0
1628717400000,46148.93000000,46374.41000000,46064.88000000,46281.71000000,340.12486700,1628718299999,15736475.31942399,17250,167.88413200,7766606.55810180,0
1628718300000,46281.71000000,46388.62000000,46216.41000000,46334.58000000,367.77688700,1628719199999,17037739.63285930,13301,188.41442300,8728715.88589908,0
1628719200000,46334.57000000,46347.66000000,46074.11000000,46088.99000000,580.43146000,1628720099999,26811452.38859197,29747,301.08698500,13905216.41541098,0
1628720100000,46089.00000000,46118.20000000,45550.00000000,45735.56000000,1641.45449000,1628720999999,75160689.12473511,54551,746.00847200,34152981.28098385,0
1628721000000,45735.56000000,45850.72000000,45608.36000000,45723.37000000,655.54399100,1628721899999,30005897.77994918,31153,330.26666100,15118491.44015890,0
1628721900000,45723.37000000,45796.47000000,45600.01000000,45756.69000000,611.60135100,1628722799999,27945538.03714313,30734,315.66977300,14424808.39665314,0
1628722800000,45756.68000000,45914.00000000,45677.42000000,45690.01000000,529.47492400,1628723699999,24263571.34576458,33743,252.48474600,11572501.13799579,0
1628723700000,45690.01000000,45831.31000000,45551.83000000,45650.08000000,540.42809400,1628724599999,24690140.70344123,34043,257.35142100,11759403.25558841,0
1628724600000,45650.08000000,45735.01000000,45580.00000000,45662.27000000,408.48926800,1628725499999,18652344.53110076,30592,222.50260300,10160414.92783654,0
1628725500000,45660.00000000,45689.99000000,45510.66000000,45511.00000000,422.85290200,1628726399999,19284005.29653269,32435,210.89728700,9619233.39749959,0
1628726400000,45510.67000000,45877.76000000,45392.44000000,45836.99000000,1319.81860900,1628727299999,60187641.60334519,36981,551.90388400,25180494.00434573,0
1628727300000,45836.99000000,45880.00000000,45720.00000000,45737.00000000,345.24028000,1628728199999,15805140.17939361,23248,158.33758900,7249242.93657899,0
1628728200000,45736.99000000,45736.99000000,45518.33000000,45722.34000000,383.04042500,1628729099999,17469474.87674324,22054,168.30003100,7676346.00644743,0
1628729100000,45722.94000000,45781.34000000,45610.00000000,45761.74000000,366.19448100,1628729999999,16740084.02058296,20726,196.29040700,8973323.19557944,0
1628730000000,45761.73000000,45824.73000000,45638.53000000,45819.31000000,335.82584300,1628730899999,15355283.68966834,12409,173.78162200,7946052.14946440,0
1628730900000,45819.31000000,45960.00000000,45740.13000000,45883.65000000,570.14574800,1628731799999,26157807.47413050,18306,293.89654000,13485974.36794067,0
1628731800000,45883.65000000,46169.69000000,45879.04000000,45923.72000000,642.93729900,1628732699999,29584503.17985770,20745,348.81530000,16049414.81540899,0
1628732700000,45923.72000000,46050.00000000,45891.01000000,46000.00000000,363.37980400,1628733599999,16706969.55362338,14742,191.83309100,8819841.31517473,0
1628733600000,45999.99000000,46090.06000000,45915.29000000,46006.13000000,320.56505900,1628734499999,14746216.44010540,11433,145.84482800,6709499.43714036,0
1628734500000,46006.13000000,46090.06000000,45927.81000000,46073.42000000,349.20779400,1628735399999,16070732.06502592,10409,150.10516500,6909850.62468536,0
1628735400000,46070.00000000,46189.99000000,46043.78000000,46141.22000000,378.07696700,1628736299999,17438534.67816316,11735,185.02700500,8533885.85051469,0
1628736300000,46141.22000000,46213.96000000,46086.87000000,46213.96000000,277.54544700,1628737199999,12809995.77355177,9553,143.78415500,6636870.28823650,0
1628737200000,46214.02000000,46218.12000000,46082.73000000,46154.93000000,261.09866600,1628738099999,12048501.92018060,8777,98.88138200,4562670.66937327,0
1628738100000,46153.36000000,46179.25000000,46010.01000000,46163.02000000,221.12032700,1628738999999,10196773.35247494,8476,103.94310800,4793558.19329908,0
1628739000000,46163.02000000,46214.00000000,46080.03000000,46155.32000000,236.53417500,1628739899999,10912518.06870134,7701,121.43118400,5602265.00122748,0
1628739900000,46155.32000000,46190.00000000,45901.61000000,45927.00000000,349.44824100,1628740799999,16084198.68340294,10556,149.39614400,6876870.27528956,0
1628740800000,45927.00000000,46016.57000000,45865.01000000,45882.13000000,349.77857400,1628741699999,16077284.86493949,11116,170.69036200,7846174.75897966,0
1628741700000,45882.12000000,45940.03000000,45643.51000000,45659.10000000,667.92463400,1628742599999,30584641.71258942,19282,299.68169700,13722986.19497684,0
1628742600000,45659.10000000,45775.02000000,45647.14000000,45727.99000000,315.47131700,1628743499999,14424664.07711252,9651,162.59864400,7434921.91858754,0
1628743500000,45727.99000000,45738.69000000,45522.44000000,45588.95000000,458.07855800,1628744399999,20891798.70282632,12925,186.27179300,8494384.31363157,0
1628744400000,45588.95000000,45624.13000000,45250.00000000,45378.62000000,1014.46958000,1628745299999,46094238.24693602,26898,388.92030800,17672127.32195179,0
1628745300000,45373.52000000,45485.14000000,45000.00000000,45188.85000000,1543.56481100,1628746199999,69761579.71545482,47543,568.24739500,25700725.13823408,0
1628746200000,45188.85000000,45206.48000000,44833.40000000,45155.37000000,1884.84736200,1628747099999,84830966.02204713,45950,931.77654600,41945962.31582471,0
1628747100000,45155.37000000,45298.32000000,44950.00000000,45150.57000000,973.31626500,1628747999999,43938938.16891825,23792,497.57171600,22469348.15171138,0
1628748000000,45150.57000000,45217.29000000,44928.52000000,44970.83000000,899.29869000,1628748899999,40509075.41609340,33296,507.93028400,22876175.68776980,0
1628748900000,44970.84000000,45136.82000000,44907.41000000,45084.04000000,660.54251600,1628749799999,29740843.80472021,31340,378.91784600,17063544.92382265,0
1628749800000,45084.04000000,45190.00000000,44850.00000000,45186.98000000,868.46775000,1628750699999,39055653.53708836,35070,481.00743200,21637863.76301227,0
1628750700000,45187.72000000,45237.28000000,45008.01000000,45230.01000000,765.80087600,1628751599999,34567551.12902837,30360,345.71714000,15602680.38864523,0
1628751600000,45230.01000000,45388.00000000,45121.00000000,45308.77000000,717.72114000,1628752499999,32486682.74722276,20216,347.47429400,15729699.18859059,0
1628752500000,45308.77000000,45319.62000000,45174.18000000,45175.92000000,457.92168700,1628753399999,20711271.57535673,15059,226.65485700,10250120.49594601,0
1628753400000,45175.93000000,45276.02000000,44999.00000000,45214.55000000,687.81356100,1628754299999,31036827.22398327,17618,290.29686900,13106302.38686695,0
1628754300000,45214.84000000,45300.00000000,45208.75000000,45243.61000000,318.52547100,1628755199999,14418674.44183849,12827,174.14206700,7882948.25958088,0
1628755200000,45243.61000000,45324.62000000,45109.37000000,45319.87000000,702.29932800,1628756099999,31746925.46061707,13888,436.70351200,19740398.79070962,0
1628756100000,45320.31000000,45383.80000000,45200.00000000,45325.14000000,444.72271300,1628756999999,20141098.52524812,9553,188.27453200,8526954.27466102,0
1628757000000,45325.15000000,45391.06000000,45166.97000000,45224.87000000,378.07430600,1628757899999,17122501.87624974,10244,194.80068100,8822597.29928079,0
1628757900000,45224.87000000,45329.92000000,45186.75000000,45230.50000000,273.39330200,1628758799999,12373394.75001446,7981,125.29635700,5670469.55578080,0
1628758800000,45230.49000000,45230.50000000,44844.72000000,44944.18000000,832.70499100,1628759699999,37490243.27835885,18313,356.89708000,16068872.85586978,0
1628759700000,44944.18000000,45442.45000000,44899.45000000,45442.44000000,906.67876000,1628760599999,40997819.89987920,18638,518.47867600,23447209.93248366,0
1628760600000,45442.44000000,45580.00000000,45326.94000000,45383.74000000,683.56703800,1628761499999,31080405.31064598,17577,344.91803300,15683473.12203890,0
1628761500000,45383.74000000,45399.36000000,45238.06000000,45349.19000000,360.33030500,1628762399999,16326458.89585422,11274,164.05904100,7432913.84004602,0
1628762400000,45349.19000000,45540.26000000,45345.18000000,45540.25000000,376.79168000,1628763299999,17114105.30797832,12722,188.08734900,8542768.43526495,0
1628763300000,45540.25000000,45662.74000000,45400.09000000,45451.71000000,483.71952500,1628764199999,22022853.55325122,17117,252.17114100,11483995.69472385,0
1628764200000,45451.71000000,45459.68000000,45317.51000000,45395.25000000,323.10421200,1628765099999,14663947.60875951,12980,122.15675200,5544146.58953537,0
1628765100000,45395.26000000,45470.13000000,45336.16000000,45345.00000000,294.35233100,1628765999999,13368471.41560259,11653,138.44527600,6288351.09881556,0
1628766000000,45344.99000000,45435.34000000,45294.00000000,45302.71000000,271.61966300,1628766899999,12321906.32608385,9793,114.30959300,5186886.01485224,0
1628766900000,45301.84000000,45314.99000000,45069.18000000,45261.22000000,573.55537300,1628767799999,25918814.44908298,14530,295.60170300,13357565.25471433,0
1628767800000,45263.88000000,45263.89000000,44800.00000000,44911.24000000,1151.15781800,1628768699999,51768351.27882344,22351,502.65303300,22605777.49046863,0
1628768700000,44911.26000000,45012.13000000,44600.00000000,44752.56000000,1412.87813300,1628769599999,63312918.68482139,31218,675.91597000,30296733.23759514,0
1628769600000,44752.56000000,44968.29000000,44665.00000000,44812.77000000,835.44244900,1628770499999,37428816.32903598,18573,426.24031500,19095925.39777564,0
1628770500000,44812.77000000,44864.08000000,44320.61000000,44449.99000000,1582.22563800,1628771399999,70502818.96875714,35824,660.48964400,29439391.57982817,0
1628771400000,44449.99000000,44537.03000000,44255.99000000,44454.23000000,992.54488800,1628772299999,44091468.96735912,24761,514.65706100,22867404.74575015,0
1628772300000,44454.24000000,44687.22000000,44450.01000000,44602.55000000,631.72026900,1628773199999,28166648.94849305,16285,347.51686800,15494255.86776428,0
1628773200000,44602.54000000,44684.78000000,44501.45000000,44559.15000000,509.34712700,1628774099999,22705892.24257041,17516,265.81322100,11849442.56956016,0
1628774100000,44559.15000000,44742.76000000,44530.42000000,44709.59000000,453.63239400,1628774999999,20263848.59485112,17522,228.13519200,10189808.15358037,0
1628775000000,44709.59000000,44714.00000000,44530.00000000,44678.23000000,424.63390400,1628775899999,18944679.77196954,16365,199.85675700,8915474.22680949,0
1628775900000,44678.23000000,44678.94000000,44444.32000000,44456.21000000,480.12358600,1628776799999,21378594.25205691,16841,194.45421200,8657667.44802656,0
1628776800000,44456.21000000,44522.63000000,44265.00000000,44379.02000000,811.65878100,1628777699999,36019429.44754822,19180,424.98466300,18860300.68004789,0
1628777700000,44379.03000000,44521.05000000,44105.01000000,44178.08000000,1054.30074500,1628778599999,46664402.21774001,24833,539.85200300,23895758.48772127,0
1628778600000,44173.59000000,44430.02000000,44043.48000000,44162.19000000,1030.94499000,1628779499999,45619405.80313207,23895,526.69746900,23313207.33540870,0
1628779500000,44162.20000000,44299.74000000,43920.00000000,44137.17000000,1574.58257000,1628780399999,69451088.93047326,32785,774.15309500,34154555.42789548,0
1628780400000,44133.00000000,44325.00000000,44066.00000000,44197.55000000,760.87301600,1628781299999,33649390.82838544,25092,363.97751100,16096446.83659634,0
1628781300000,44197.54000000,44320.79000000,44130.68000000,44194.69000000,377.96598400,1628782199999,16717023.11830048,20351,198.33711100,8772983.23679864,0
1628782200000,44194.68000000,44339.55000000,44170.00000000,44280.01000000,398.92682900,1628783099999,17668488.20005082,19988,210.50345000,9323367.89014822,0
1628783100000,44280.00000000,44339.99000000,44150.00000000,44196.19000000,452.87007700,1628783999999,20033888.96260079,18923,201.32290400,8905416.90113478,0
1628784000000,44196.19000000,44349.49000000,44000.00000000,44122.45000000,1146.73891100,1628784899999,50658470.15479918,19797,634.71468200,28041303.83996208,0
1628784900000,44122.45000000,44176.31000000,43888.00000000,43889.72000000,902.57033100,1628785799999,39722319.47597505,21448,413.20385300,18185170.90871922,0
1628785800000,43889.71000000,44053.72000000,43770.00000000,44008.65000000,1125.04815300,1628786699999,49395961.54428276,25230,498.41094300,21888586.08343272,0
1628786700000,44008.66000000,44177.70000000,43936.57000000,43999.41000000,728.57722700,1628787599999,32097239.25445600,16745,379.83996300,16732631.52779175,0
1628787600000,43999.40000000,44166.63000000,43860.82000000,44101.13000000,505.35761800,1628788499999,22271883.19605726,13666,280.22968400,12351019.70566198,0
1628788500000,44101.13000000,44236.59000000,44051.07000000,44154.74000000,401.93994100,1628789399999,17736479.17353285,11759,210.54284500,9290784.94739732,0
1628789400000,44154.75000000,44279.38000000,44142.13000000,44191.88000000,403.65380500,1628790299999,17844071.17747491,11316,216.50818800,9571301.73107427,0
1628790300000,44191.89000000,44222.61000000,44051.06000000,44120.00000000,233.11200000,1628791199999,10287448.83619705,8858,104.01928500,4590621.11807873,0
1628791200000,44120.00000000,44309.99000000,44108.78000000,44302.14000000,428.76930100,1628792099999,18971149.98670683,12666,236.02266000,10443066.26088347,0
1628792100000,44302.14000000,44340.00000000,44231.67000000,44278.17000000,362.32652700,1628792999999,16047985.96466317,11878,167.16046000,7404316.93195723,0
1628793000000,44278.16000000,44339.99000000,44212.91000000,44272.23000000,293.40429500,1628793899999,12989518.50326546,8781,142.12979900,6292910.27871901,0
1628793900000,44274.53000000,44512.20000000,44260.01000000,44423.82000000,550.50189900,1628794799999,24453345.71722107,15000,308.58929500,13706095.74114974,0
1628794800000,44423.81000000,44445.70000000,44331.64000000,44370.91000000,333.77275200,1628795699999,14810926.69000152,11215,141.63291200,6284804.01074980,0
1628795700000,44370.91000000,44397.69000000,44260.00000000,44390.41000000,339.75915900,1628796599999,15064380.93861236,9543,161.26957300,7150674.89886015,0
1628796600000,44390.42000000,44482.72000000,44332.00000000,44422.74000000,365.23588800,1628797499999,16213004.75735062,9397,171.82457000,7628294.54318787,0
1628797500000,44422.74000000,44438.73000000,44351.85000000,44371.32000000,231.73176400,1628798399999,10287697.18708594,8621,101.86406700,4522282.40148493,0
1628798400000,44371.80000000,44549.24000000,44356.17000000,44543.19000000,311.51754500,1628799299999,13848453.61657471,11638,190.40613700,8465438.67330264,0
1628799300000,44543.18000000,44549.99000000,44407.57000000,44419.19000000,276.47148100,1628800199999,12290765.36116047,8570,110.26395200,4902022.40581313,0
1628800200000,44419.19000000,44500.00000000,44415.19000000,44457.45000000,208.64409000,1628801099999,9276964.62376994,7724,104.55085600,4648677.31231390,0
1628801100000,44457.45000000,44543.20000000,44084.00000000,44474.97000000,639.65549300,1628801999999,28347259.26161789,16963,291.10317900,12902252.84159137,0
1628802000000,44474.96000000,44538.00000000,44201.00000000,44304.65000000,421.48724600,1628802899999,18698475.74052846,14059,199.04233000,8830270.98506726,0
1628802900000,44304.65000000,44444.00000000,44238.83000000,44283.99000000,284.60944600,1628803799999,12624564.82704009,9389,126.40645100,5606060.38047114,0
1628803800000,44284.00000000,44298.39000000,44200.00000000,44213.60000000,187.82759000,1628804699999,8313846.74325916,7931,105.14344500,4654053.69856356,0
1628804700000,44213.61000000,44279.06000000,44142.00000000,44242.13000000,233.62391300,1628805599999,10328475.60702633,8323,94.11108100,4160992.55903079,0
1628805600000,44242.13000000,44295.38000000,44109.00000000,44173.06000000,256.80623600,1628806499999,11349108.76290567,9659,116.07515100,5129458.34949825,0
1628806500000,44173.06000000,44212.78000000,43981.48000000,44004.50000000,412.65538700,1628807399999,18184298.65282573,12780,179.35337500,7903626.28829263,0
1628807400000,44004.49000000,44111.99000000,43915.72000000,44078.71000000,419.33921700,1628808299999,18453307.95660337,11356,211.13560500,9292129.24787286,0
1628808300000,44078.71000000,44089.25000000,43855.88000000,43954.59000000,363.13920700,1628809199999,15950605.68359501,11641,145.99360400,6411617.96092567,0
1628809200000,43954.42000000,44395.73000000,43948.38000000,44335.82000000,492.03889300,1628810099999,21721487.70337873,14462,277.87991200,12267125.01579082,0
1628810100000,44335.81000000,44488.43000000,44164.03000000,44488.43000000,530.48264900,1628810999999,23519243.00890400,12684,262.71091600,11645490.91724951,0
1628811000000,44488.42000000,44535.99000000,44365.81000000,44381.89000000,441.12009200,1628811899999,19610535.87430470,11953,194.00754700,8625731.38669031,0
1628811900000,44381.89000000,44475.70000000,44370.01000000,44399.00000000,289.72604300,1628812799999,12868079.73329799,8917,153.71083000,6827593.01180143,0
1628812800000,44400.06000000,44675.69000000,44391.87000000,44495.95000000,894.01967600,1628813699999,39829711.60835907,34123,492.13767100,21924433.28595425,0
1628813700000,44495.95000000,44579.64000000,44217.39000000,44450.00000000,850.12278800,1628814599999,37760525.04414868,34518,399.23087200,17725107.66292213,0
1628814600000,44450.01000000,44644.95000000,44293.77000000,44599.10000000,649.59262000,1628815499999,28892131.07799366,31081,356.39418200,15848052.42337233,0
1628815500000,44600.93000000,44636.87000000,44483.00000000,44493.69000000,409.98282900,1628816399999,18256179.59742913,31394,214.46761200,9550423.45262935,0
1628816400000,44493.69000000,44618.99000000,44455.00000000,44538.99000000,379.45211900,1628817299999,16894513.22952393,30852,202.69997900,9025005.66397305,0
1628817300000,44536.26000000,44815.00000000,44536.25000000,44744.99000000,682.34179900,1628818199999,30520542.71159513,39079,333.80746100,14930514.07718530,0
1628818200000,44745.00000000,44922.00000000,44712.27000000,44857.65000000,630.24638600,1628819099999,28245123.80770518,36475,310.97628100,13938120.43846430,0
1628819100000,44857.66000000,44873.91000000,44741.77000000,44847.26000000,288.08631500,1628819999000,12902583.04306328,28925,139.05386600,6228288.93229805,0
1628836200000,44847.27000000,45921.39000000,44847.27000000,45894.28000000,1484.84578100,1628837099999,67622551.61399901,48267,970.20998600,44132657.21713685,0
1628837100000,45894.29000000,45949.01000000,45712.33000000,45833.34000000,906.43672000,1628837999999,41512025.25731200,30065,417.54249100,19122765.75231745,0
1628838000000,45833.35000000,46249.91000000,45833.34000000,46159.99000000,1989.08533600,1628838899999,91709041.30770917,49500,1057.48051600,48747971.70307785,0
1628838900000,46160.00000000,46336.00000000,46070.00000000,46147.13000000,1156.24853100,1628839799999,53418603.03969831,35303,651.36522700,30101505.27721559,0
1628839800000,46147.13000000,46200.00000000,46024.35000000,46169.42000000,705.97775300,1628840699999,32554156.05891287,24287,360.60395000,16627635.84036798,0
1628840700000,46169.42000000,46220.00000000,46070.95000000,46103.51000000,839.60595900,1628841599999,38749999.22199618,22259,406.56029000,18764383.59742602,0
1628841600000,46103.50000000,46323.62000000,46099.47000000,46140.34000000,1071.35974400,1628842499999,49499043.18398575,20521,488.09422600,22553077.93787444,0
1628842500000,46140.34000000,46195.25000000,45959.90000000,46061.18000000,741.78440000,1628843399999,34159066.38789231,18056,376.12554200,17319068.30518279,0
1628843400000,46061.18000000,46202.28000000,46036.06000000,46139.96000000,531.96148200,1628844299999,24539317.52623024,13778,367.56135700,16955530.30238639,0
1628844300000,46139.95000000,46295.30000000,46087.40000000,46161.01000000,718.82106700,1628845199999,33205888.29134718,16271,404.67916800,18697830.85889719,0
1628845200000,46161.01000000,46449.82000000,46132.39000000,46349.69000000,1358.91042300,1628846099999,62948908.84707103,35318,721.45602800,33415612.94970618,0
1628846100000,46349.70000000,46380.15000000,46185.14000000,46283.40000000,738.20563300,1628846999999,34157372.97834713,28237,313.17099900,14492564.03156141,0
1628847000000,46283.40000000,46339.96000000,46212.49000000,46334.98000000,373.96657400,1628847899999,17309035.86919241,23611,190.61258400,8822907.35057080,0
1628847900000,46334.98000000,46399.67000000,46175.00000000,46216.18000000,516.79660200,1628848799999,23915819.48149218,22986,252.49261300,11681727.76648541,0
1628848800000,46216.83000000,46384.42000000,46216.83000000,46347.83000000,566.31450200,1628849699999,26231678.38002393,21377,331.54139300,15358005.14313203,0
1628849700000,46347.82000000,46474.34000000,46315.00000000,46386.53000000,561.44262600,1628850599999,26056852.63726625,23279,316.52203100,14690987.25023011,0
1628850600000,46386.53000000,46459.31000000,46316.03000000,46351.85000000,362.41176600,1628851499999,16810525.61072449,21351,160.86058300,7461865.81580262,0
1628851500000,46351.85000000,46391.74000000,46264.51000000,46293.25000000,372.32971500,1628852399999,17244431.93375751,19936,168.44481500,7801499.68432270,0
1628852400000,46293.25000000,46455.00000000,46293.24000000,46419.54000000,435.70369100,1628853299999,20206798.17834402,12007,295.51490800,13704224.30506739,0
1628853300000,46419.53000000,46487.66000000,46327.78000000,46346.16000000,379.67453800,1628854199999,17623547.86044819,11344,191.07774600,8870469.25162130,0
1628854200000,46346.16000000,46537.15000000,46111.00000000,46148.35000000,810.59237200,1628855099999,37593571.89364846,20201,461.36752800,21404482.77369864,0
1628855100000,46148.34000000,46509.61000000,46125.00000000,46138.47000000,850.37868000,1628855999999,39352681.28629611,18340,482.13400700,22319713.31967824,0
1628856000000,46138.46000000,46335.58000000,46128.18000000,46243.01000000,473.58852300,1628856899999,21893742.31179081,18846,239.13225000,11053702.82868578,0
1628856900000,46243.02000000,46400.00000000,46243.01000000,46394.62000000,397.85139200,1628857799999,18439757.14506537,16592,221.60166700,10271599.21501261,0
1628857800000,46394.62000000,46590.00000000,46316.94000000,46578.23000000,630.37599000,1628858699999,29300523.96998337,24101,352.88826600,16405376.94151779,0
1628858700000,46578.22000000,46643.00000000,46469.98000000,46524.98000000,578.79372400,1628859599999,26948884.07276707,20839,333.34728700,15522782.80238290,0
1628859600000,46524.97000000,46569.01000000,46422.10000000,46556.20000000,359.96524400,1628860499999,16732748.86671080,12422,192.58888400,8952625.54691578,0
1628860500000,46556.20000000,46666.00000000,46517.14000000,46546.51000000,569.92351000,1628861399999,26557569.10041463,14861,279.44201200,13022546.34213065,0
1628861400000,46546.52000000,46596.60000000,46406.00000000,46438.96000000,453.79285700,1628862299999,21095400.79499803,13242,209.63129200,9745916.77402190,0
1628862300000,46438.95000000,46620.00000000,46438.95000000,46529.99000000,328.62355400,1628863199999,15298123.15357692,10959,194.11598500,9035312.18854416,0
1628863200000,46529.99000000,46630.00000000,46450.00000000,46477.53000000,400.78388900,1628864099999,18656876.32520561,12197,201.56670900,9382761.83322094,0
1628864100000,46477.53000000,46556.98000000,46420.00000000,46454.48000000,387.10971400,1628864999999,17997871.03677688,10324,192.36599500,8943845.09473198,0
1628865000000,46455.27000000,46457.88000000,46243.36000000,46392.89000000,882.47356300,1628865899999,40913806.70551125,19523,360.49376900,16711486.86751841,0
1628865900000,46392.88000000,46524.48000000,46392.88000000,46432.47000000,473.94641500,1628866799999,22028767.17824256,12686,237.03231100,11017318.86197872,0
1628866800000,46438.37000000,46530.88000000,46300.00000000,46407.92000000,573.66119900,1628867699999,26616340.57910210,15825,275.56033800,12786928.22346262,0
1628867700000,46407.93000000,46415.29000000,46150.00000000,46227.81000000,719.55318100,1628868599999,33273879.11930061,19512,363.43249100,16805579.72739581,0
1628868600000,46225.48000000,46333.33000000,46158.26000000,46228.11000000,481.86299700,1628869499999,22291505.10360798,13116,246.81652900,11418721.91209716,0
1628869500000,46228.11000000,46480.00000000,46228.10000000,46357.15000000,476.47237700,1628870399999,22078694.47551307,13116,269.29251200,12478806.58894643,0
1628870400000,46357.15000000,46481.35000000,46325.61000000,46395.18000000,374.70823100,1628871299999,17390664.01901991,13460,198.85766100,9229369.92072454,0
1628871300000,46395.18000000,46425.93000000,46222.31000000,46371.91000000,361.74345600,1628872199999,16752961.12691760,11275,180.04281800,8338032.44811354,0
1628872200000,46371.91000000,46440.00000000,46278.70000000,46391.89000000,305.99410400,1628873099999,14193313.19244419,9460,149.81765300,6949806.49370898,0
1628873100000,46391.90000000,46544.43000000,46366.68000000,46533.00000000,346.37805600,1628873999999,16093179.64682196,10608,204.90402200,9520734.13896519,0
1628874000000,46533.00000000,46549.00000000,46418.44000000,46430.01000000,277.25955600,1628874899999,12885047.22739420,26738,130.34978200,6057693.42247031,0
1628874900000,46430.00000000,46500.00000000,46396.11000000,46490.82000000,194.96063200,1628875799999,9054365.26814264,25219,105.93157200,4919914.74155613,0
1628875800000,46490.82000000,46530.46000000,46457.16000000,46506.31000000,230.00878900,1628876699999,10694020.47846613,25336,129.12590400,6003372.11468798,0
1628876700000,46506.31000000,46622.21000000,46472.27000000,46490.81000000,428.00682500,1628877599999,19925848.62451816,28072,256.86458900,11960780.69964670,0
1628877600000,46490.80000000,46490.83000000,46351.12000000,46461.06000000,349.12154200,1628878499999,16208964.17112044,18092,187.07543700,8685113.14747538,0
1628878500000,46461.05000000,46590.00000000,46415.58000000,46558.00000000,224.94414700,1628879399999,10463063.41420853,16428,130.87689000,6087718.96426312,0
1628879400000,46558.00000000,46627.57000000,46514.05000000,46589.14000000,474.72544200,1628880299999,22115414.34214884,17434,177.56389000,8270864.50940258,0
1628880300000,46589.13000000,46630.00000000,46301.00000000,46510.58000000,514.62800400,1628881199999,23936313.99320083,19281,201.28410200,9365010.25865658,0
1628881200000,46510.58000000,46512.09000000,46375.13000000,46472.69000000,410.40445700,1628882099999,19053112.74672708,21176,268.67746400,12473217.92172972,0
1628882100000,46472.69000000,46532.03000000,46281.00000000,46315.50000000,258.98702100,1628882999999,12014960.56920662,21636,131.23996300,6089284.42894960,0
1628883000000,46315.51000000,46382.75000000,46257.00000000,46280.00000000,247.64005100,1628883899999,11469574.38984438,20133,132.46787400,6135644.63657448,0
1628883900000,46289.35000000,46463.58000000,46280.00000000,46459.86000000,177.05530500,1628884799999,8210562.47712070,19710,107.26210600,4973773.21889197,0
1628884800000,46459.86000000,47645.28000000,46390.00000000,47598.64000000,4022.99515800,1628885699999,189924601.23344471,115294,2601.85908800,122724392.54687289,0
1628885700000,47598.64000000,47886.00000000,47489.02000000,47562.99000000,1697.39311600,1628886599999,80846654.98500410,42389,872.25495100,41555570.27873415,0
1628886600000,47563.00000000,47616.39000000,47317.24000000,47447.59000000,852.96612800,1628887499999,40474273.84491301,19769,350.70687500,16641611.94066743,0
1628887500000,47447.58000000,47588.00000000,47373.34000000,47588.00000000,732.22672700,1628888399999,34796552.83509899,15340,272.45234200,12942172.09327534,0
1628888400000,47584.63000000,47800.00000000,47502.68000000,47767.03000000,921.17231800,1628889299999,43906325.75766678,30997,554.90853300,26451604.13871027,0
1628889300000,47767.04000000,47816.47000000,47636.79000000,47788.29000000,493.16207300,1628890199999,23533281.80494919,29264,199.65824000,9529953.43092853,0
1628890200000,47779.84000000,47809.98000000,47625.97000000,47685.82000000,316.24258600,1628891099999,15082869.34052916,23810,129.17092500,6161670.75866313,0
1628891100000,47684.94000000,47693.39000000,47515.73000000,47556.76000000,353.89576200,1628891999999,16846221.64685994,22711,135.79097700,6464187.65145579,0
1628892000000,47556.76000000,47650.00000000,47525.00000000,47579.37000000,373.26709100,1628892899999,17760148.34971172,12850,197.62291300,9403503.94067689,0
1628892900000,47579.37000000,47591.62000000,47479.06000000,47500.01000000,332.95243500,1628893799999,15825077.82017382,11157,137.77503600,6548917.55100966,0
1628893800000,47500.01000000,47660.40000000,47479.06000000,47660.25000000,337.94570700,1628894699999,16074919.69245242,11031,165.05943100,7851616.20718005,0
1628894700000,47660.26000000,47660.26000000,47526.06000000,47549.87000000,255.61571500,1628895599999,12162911.52416185,8766,106.21050600,5054073.50021509,0
1628895600000,47549.88000000,47600.00000000,47511.32000000,47592.16000000,258.40600200,1628896499999,12284975.78546468,22185,129.09945400,6137681.19886043,0
1628896500000,47592.17000000,47768.97000000,47567.40000000,47673.33000000,543.99387900,1628897399999,25922032.59520644,27558,283.02373500,13486183.12558307,0
1628897400000,47673.33000000,47682.79000000,47580.00000000,47654.84000000,373.49576700,1628898299999,17787771.98335457,25570,166.99809000,7953469.70344622,0
1628898300000,47654.84000000,47835.73000000,47643.99000000,47800.00000000,751.59779300,1628899199999,35898999.32741810,31065,369.56120400,17653104.84177241,0
1628899200000,47799.99000000,47834.12000000,47645.08000000,47715.06000000,680.36113100,1628900099999,32470946.00685628,42000,325.33182800,15525877.04304863,0
1628900100000,47715.06000000,47777.00000000,47627.92000000,47762.89000000,464.95461300,1628900999999,22173571.39633260,39269,259.81879100,12390580.68270234,0
1628901000000,47762.89000000,47762.89000000,47490.15000000,47603.82000000,553.18911500,1628901899999,26335896.82917649,40401,282.21809200,13430088.51506231,0
1628901900000,47606.13000000,47680.00000000,47500.00000000,47631.85000000,302.02464300,1628902799999,14378233.81754689,36413,125.67325900,5982788.42326736,0
1628902800000,47631.86000000,47758.18000000,47625.00000000,47694.84000000,415.03168300,1628903699999,19796107.16671972,12359,216.94349200,10347641.40508344,0
1628903700000,47694.83000000,47742.77000000,47621.12000000,47646.01000000,435.65853700,1628904599999,20773306.72681458,10467,224.96764600,10728006.54047259,0
1628904600000,47646.01000000,47670.89000000,47560.17000000,47634.16000000,321.33496600,1628905499999,15298785.90657783,8177,189.67562900,9030393.36927081,0
1628905500000,47634.17000000,47662.73000000,47551.35000000,47557.16000000,280.41610300,1628906399999,13346667.99688975,7327,125.77586000,5986052.64904754,0
1628906400000,47557.16000000,47639.14000000,47523.13000000,47531.52000000,268.13160000,1628907299999,12754401.75364546,8729,133.48687500,6350020.45887398,0
1628907300000,47531.52000000,47580.00000000,47501.00000000,47510.49000000,256.22778200,1628908199999,12178645.39686506,7564,98.44409000,4678957.77606069,0
1628908200000,47510.48000000,47593.68000000,47382.00000000,47438.50000000,400.73795400,1628909099999,19028883.42208941,11084,166.65730900,7912692.20825227,0
1628909100000,47438.50000000,47575.36000000,47427.01000000,47540.79000000,186.70267600,1628909999999,8873548.06854648,7101,112.04381300,5324976.02133336,0
1628910000000,47542.07000000,47594.46000000,47492.98000000,47555.90000000,204.58067000,1628910899999,9726460.58864752,28877,119.56164700,5684033.90146467,0
1628910900000,47555.90000000,47576.84000000,47473.07000000,47489.99000000,181.39477100,1628911799999,8620661.69821348,28041,91.34514300,4341609.72126889,0
1628911800000,47490.00000000,47523.36000000,47417.85000000,47432.58000000,261.00174200,1628912699999,12387784.79214907,28632,145.30561700,6896640.33226189,0
1628912700000,47432.59000000,47555.39000000,47423.85000000,47540.00000000,271.28456900,1628913599999,12890479.79165638,28649,169.78070800,8066900.61152231,0
1628913600000,47540.00000000,47540.00000000,47431.34000000,47482.32000000,285.48743400,1628914499999,13553449.34156798,24408,145.85589100,6924448.63131688,0
1628914500000,47482.33000000,47676.86000000,47482.33000000,47586.35000000,519.60852400,1628915399999,24740318.29013193,26884,187.48280600,8923149.51019691,0
1628915400000,47586.34000000,47642.00000000,47532.76000000,47557.12000000,187.22525600,1628916299999,8908356.90847418,23870,101.70333400,4839704.12899993,0
1628916300000,47557.12000000,47559.93000000,47441.00000000,47456.66000000,179.65721500,1628917199999,8531333.95607301,24314,82.18649400,3902564.28337578,0
1628917200000,47456.66000000,47550.00000000,47430.00000000,47506.50000000,391.12376600,1628918099999,18570462.77800588,37406,221.73763200,10527203.42752320,0
1628918100000,47506.49000000,47570.05000000,47492.46000000,47519.35000000,172.59352100,1628918999999,8203547.20208480,36151,92.29201700,4386815.45150943,0
1628919000000,47519.35000000,47544.24000000,47450.00000000,47471.96000000,173.26613600,1628919899999,8227909.38487305,36066,83.28259000,3955021.91168070,0
1628919900000,47471.97000000,47576.39000000,47471.17000000,47524.06000000,267.29686100,1628920799999,12701736.81903473,38050,135.82762900,6454234.63462041,0
1628920800000,47524.06000000,47650.00000000,47494.35000000,47586.18000000,304.20351400,1628921699999,14474687.57890456,9801,177.73111900,8457362.37403546,0
1628921700000,47586.18000000,47673.87000000,47575.02000000,47630.00000000,271.24141000,1628922599999,12915145.03868535,10248,148.63657800,7077064.37183975,0
1628922600000,47630.00000000,47652.32000000,47550.00000000,47569.90000000,189.40964900,1628923499999,9014791.61820878,7999,92.15878500,4386656.22220401,0
1628923500000,47569.89000000,47588.20000000,47500.00000000,47508.36000000,273.16557200,1628924399999,12986907.66276269,8377,100.05960800,4757086.37791221,0
1628924400000,47508.35000000,47693.78000000,47477.00000000,47674.18000000,404.74793200,1628925299999,19256312.21486722,11914,221.66243200,10548299.56353731,0
1628925300000,47674.18000000,47695.00000000,47609.82000000,47678.32000000,313.58834700,1628926199999,14946246.28355121,9520,129.63302400,6179292.45821932,0
1628926200000,47678.33000000,47722.98000000,47634.22000000,47649.90000000,257.05343000,1628927099999,12256904.09383981,10033,124.44760100,5934143.73474071,0
1628927100000,47649.89000000,47682.70000000,47598.26000000,47616.12000000,196.17049200,1628927999999,9343830.71271702,8402,109.13925000,5198696.39056756,0
1628928000000,47616.12000000,47660.78000000,47510.25000000,47599.99000000,347.83540600,1628928899999,16552452.54543379,17968,139.12291700,6621899.54152749,0
1628928900000,47599.99000000,47662.88000000,47549.00000000,47641.69000000,207.78659000,1628929799999,9893528.24564828,16863,107.95372400,5140722.65643116,0
1628929800000,47641.69000000,47686.79000000,47612.55000000,47659.23000000,180.12973500,1628930699999,8582696.24366171,15884,86.84898700,4138449.89789309,0
1628930700000,47659.22000000,47699.99000000,47541.78000000,47595.92000000,205.19239500,1628931599999,9770610.20492108,15733,91.54810100,4359239.60657454,0
1628931600000,47595.92000000,47788.13000000,47593.89000000,47757.50000000,379.61733400,1628932499999,18111277.06980437,13279,246.85464500,11778066.19202322,0
1628932500000,47757.50000000,47800.00000000,47710.00000000,47761.48000000,303.45039200,1628933399999,14494698.31931549,12514,164.00724900,7834612.49315503,0
1628933400000,47761.49000000,48144.00000000,47722.00000000,48011.48000000,1446.27607700,1628934299999,69359830.09548036,46552,958.49725700,45966187.00584469,0
1628934300000,48011.48000000,48095.35000000,46704.60000000,46993.74000000,2887.45871600,1628935199999,136639177.81550569,67931,1125.38375600,53237686.64401989,0
1628935200000,46993.73000000,47267.31000000,46718.00000000,46720.26000000,1810.18220900,1628936099999,85092519.42588902,56027,839.02519600,39447545.65287526,0
1628936100000,46718.00000000,47026.88000000,46397.27000000,46820.48000000,2898.51350300,1628936999999,135309416.21742490,66566,1604.22382100,74885969.94615246,0
1628937000000,46811.36000000,46928.21000000,46568.64000000,46628.40000000,1521.87716200,1628937899999,71068486.99773414,40376,959.59843500,44788857.76093056,0
1628937900000,46628.40000000,46664.14000000,46108.00000000,46308.15000000,1668.42131500,1628938799999,77331734.74354149,54017,754.09898900,34958032.30119312,0
1628938800000,46308.15000000,46416.13000000,45971.03000000,46315.74000000,1415.52128700,1628939699999,65419545.76214475,33795,722.19784300,33392240.62069642,0
1628939700000,46315.73000000,46456.96000000,46141.57000000,46312.00000000,813.67794000,1628940599999,37637841.86661864,20053,446.81289300,20668750.74427866,0
1628940600000,46312.00000000,46371.00000000,46210.00000000,46299.99000000,418.86953400,1628941499999,19391430.21539461,15116,201.22584000,9315270.81979717,0
1628941500000,46299.99000000,46571.74000000,46275.98000000,46569.99000000,681.95130800,1628942399999,31674110.81466889,19692,380.20308500,17658944.23892864,0
1628942400000,46570.54000000,46584.75000000,46319.51000000,46407.88000000,1033.24637300,1628943299999,48020279.31478180,17993,373.93283800,17381078.00651293,0
1628943300000,46407.88000000,46474.57000000,46263.06000000,46310.50000000,565.48062900,1628944199999,26204803.83725308,13867,258.73684100,11990322.88254254,0
1628944200000,46310.51000000,46419.58000000,46310.50000000,46340.83000000,323.48938500,1628945099999,15002039.10251783,10605,140.98605300,6538428.54173916,0
1628945100000,46340.83000000,46370.00000000,46250.00000000,46269.35000000,452.12593800,1628945999999,20930306.62153125,11115,233.55733900,10811081.14737893,0
1628946000000,46266.38000000,46395.97000000,46100.00000000,46280.82000000,774.52390300,1628946899999,35803314.55326251,29371,370.22866500,17116292.40236672,0
1628946900000,46280.82000000,46420.55000000,46280.82000000,46405.47000000,232.39222300,1628947799999,10778696.31923271,22085,126.77750100,5880173.97397655,0
1628947800000,46405.47000000,46494.86000000,46362.11000000,46384.17000000,340.02938500,1628948699999,15782662.99908853,22457,132.83714400,6166101.46519770,0
1628948700000,46384.17000000,46510.14000000,46350.00000000,46502.00000000,316.92795900,1628949599999,14710966.03778512,21800,159.79137800,7419265.78182743,0
1628949600000,46502.01000000,46731.08000000,46440.00000000,46699.01000000,693.58361900,1628950499999,32332938.98367936,17443,322.91298500,15049512.53145804,0
1628950500000,46699.01000000,46870.14000000,46617.80000000,46780.41000000,909.65176100,1628951399999,42522290.36884758,20354,442.67902600,20693754.44529334,0
1628951400000,46780.41000000,46786.65000000,46686.45000000,46738.01000000,531.47149500,1628952299999,24832489.02232807,14005,232.20890200,10850072.76085488,0
1628952300000,46738.01000000,46950.00000000,46632.50000000,46900.00000000,665.46886100,1628953199999,31146922.68693462,18091,337.23147500,15787051.93682412,0
1628953200000,46899.99000000,46950.00000000,46699.39000000,46753.79000000,704.60930400,1628954099999,32990261.81873753,16008,349.86400300,16381070.39900600,0
1628954100000,46753.79000000,46829.02000000,46735.94000000,46789.98000000,310.33218700,1628954999999,14520649.36864595,10900,141.32077100,6612551.11832915,0
1628955000000,46789.99000000,46880.74000000,46539.94000000,46860.67000000,742.17628000,1628955899999,34703340.36822141,16747,475.60684900,22242585.48510490,0
1628955900000,46860.67000000,46947.95000000,46824.78000000,46944.47000000,361.52544800,1628956799999,16953330.18213665,10440,184.97499100,8674267.35511642,0
1628956800000,46944.47000000,46985.19000000,46703.00000000,46754.09000000,502.29969400,1628957699999,23538288.42607221,21526,220.53624500,10336411.66055176,0
1628957700000,46754.09000000,46900.00000000,46737.22000000,46873.40000000,240.98528000,1628958599999,11282315.37076542,17221,126.44382400,5920037.25603853,0
1628958600000,46873.39000000,46879.74000000,46777.77000000,46859.18000000,313.87269700,1628959499999,14698679.65580813,17615,153.90478200,7206275.80602402,0
1628959500000,46859.18000000,46915.87000000,46654.97000000,46857.88000000,445.64097100,1628960399999,20872535.19304576,18176,182.11076700,8529045.76762449,0
1628960400000,46857.89000000,46870.00000000,46722.82000000,46808.80000000,191.16734800,1628961299999,8947698.66506433,9186,99.87456100,4674963.10019841,0
1628961300000,46810.52000000,46867.66000000,46568.21000000,46765.00000000,371.23342700,1628962199999,17338802.15049759,11673,174.49260500,8151723.59329189,0
1628962200000,46765.01000000,46834.81000000,46677.97000000,46758.40000000,215.24171600,1628963099999,10068023.93204367,7848,99.66804300,4662164.15825397,0
1628963100000,46758.39000000,46870.70000000,46756.23000000,46775.87000000,183.13500100,1628963999999,8576002.75138175,7677,87.50446800,4097888.07958636,0
1628964000000,46775.88000000,46785.06000000,46690.00000000,46709.99000000,283.41861300,1628964899999,13243868.46359175,15732,125.14628100,5847835.08875100,0
1628964900000,46709.99000000,46837.99000000,46668.20000000,46800.59000000,270.18020000,1628965799999,12631785.51392826,16229,128.95075700,6030757.15339934,0
1628965800000,46800.59000000,46873.90000000,46794.00000000,46822.81000000,169.73285300,1628966699999,7950485.14672741,14692,79.37685500,3718046.47358624,0
1628966700000,46822.82000000,46857.29000000,46670.00000000,46727.56000000,175.91005300,1628967599999,8220540.13379515,15275,76.83853900,3590515.50043522,0
1628967600000,46725.20000000,46793.00000000,46704.95000000,46732.20000000,190.60425700,1628968499999,8911417.93041651,7281,82.42600300,3853367.62507131,0
1628968500000,46727.91000000,46799.89000000,46652.03000000,46675.00000000,135.56897300,1628969399999,6338392.83137267,5450,71.20920500,3329682.28776214,0
1628969400000,46675.00000000,47374.67000000,46667.76000000,47245.15000000,863.31302400,1628970299999,40654612.39601566,22161,507.58946100,23901068.56661333,0
1628970300000,47244.90000000,47266.83000000,47000.00000000,47033.76000000,515.86145300,1628971199999,24294876.19206357,13885,242.48835500,11421387.68072213,0
1628971200000,47033.77000000,47047.14000000,46605.12000000,46630.01000000,663.18475500,1628972099999,31022051.82266532,16529,276.79668500,12944535.38588581,0
1628972100000,46624.39000000,46630.01000000,46331.28000000,46431.98000000,840.87377300,1628972999999,39062030.03612171,21363,358.70728000,16663077.89384414,0
1628973000000,46431.97000000,46614.00000000,46383.73000000,46606.43000000,323.43031400,1628973899999,15044612.77235872,8928,179.78147100,8363119.79221106,0
1628973900000,46609.44000000,46660.47000000,46513.52000000,46620.55000000,194.58479800,1628974799999,9069001.01986330,6836,94.77935700,4417088.47463315,0
1628974800000,46620.55000000,46757.91000000,46613.91000000,46737.03000000,160.74723900,1628975699999,7504699.11816853,9986,84.10595600,3926870.74816606,0
1628975700000,46737.03000000,46795.00000000,46643.36000000,46743.66000000,190.36192100,1628976599999,8898519.96827707,12173,95.96359600,4485591.95404014,0
1628976600000,46743.67000000,47000.00000000,46726.30000000,46902.91000000,259.24139400,1628977499999,12162732.96104146,15590,129.62298600,6081206.64226960,0
1628977500000,46902.91000000,47068.43000000,46899.69000000,47017.45000000,273.39315900,1628978399999,12846148.09135967,11496,176.19004600,8278789.86829776,0
1628978400000,47017.45000000,47026.99000000,46878.23000000,46995.89000000,302.30986200,1628979299999,14190633.65375525,8385,141.33999900,6635104.00937934,0
1628979300000,46995.88000000,47213.88000000,46974.07000000,47076.70000000,396.62549800,1628980199999,18677310.51787575,12515,211.18772800,9944905.60475835,0
1628980200000,47076.70000000,47086.64000000,46911.97000000,46961.28000000,207.54593500,1628981099999,9756811.48038552,7361,102.18581100,4804263.66887768,0
1628981100000,46961.29000000,46997.46000000,46827.25000000,46848.82000000,290.76747200,1628981999999,13638856.75302401,9813,143.88056500,6749352.32733387,0
1628982000000,46848.82000000,46956.00000000,46830.62000000,46940.57000000,176.80539400,1628982899999,8291325.20038397,7357,92.86180300,4355001.01258426,0
1628982900000,46940.57000000,47183.50000000,46934.01000000,47120.00000000,318.67003400,1628983799999,15006233.36466030,10757,194.62529300,9163914.95741694,0
1628983800000,47120.00000000,47189.98000000,47051.51000000,47181.72000000,217.92050500,1628984699999,10270364.27876226,7360,109.98938500,5183400.00912528,0
1628984700000,47181.72000000,47189.98000000,47021.66000000,47068.51000000,217.06414200,1628985599999,10220833.46627588,7300,96.83371900,4559284.05360275,0
1628985600000,47068.50000000,47227.97000000,47048.80000000,47163.79000000,396.54287700,1628986499999,18693814.81153083,12140,210.18068600,9907519.28944538,0
1628986500000,47163.78000000,47242.24000000,47073.46000000,47087.02000000,298.11250900,1628987399999,14060478.41375430,9934,149.89300700,7070042.16376904,0
1628987400000,47089.95000000,47121.75000000,46907.28000000,47017.80000000,384.89761100,1628988299999,18090953.94711322,11485,168.73772000,7929163.26309150,0
1628988300000,47017.81000000,47200.00000000,46970.00000000,47195.90000000,206.35146100,1628989199999,9717497.35261238,7986,125.05545200,5889048.03502015,0
1628989200000,47195.90000000,47219.99000000,47116.54000000,47131.26000000,199.86810200,1628990099999,9429226.84792771,18930,91.08097000,4296998.19919934,0
1628990100000,47131.25000000,47299.00000000,47131.25000000,47252.34000000,281.00861700,1628990999999,13267439.21607165,22392,152.64515400,7207342.41037023,0
1628991000000,47252.33000000,47372.27000000,47200.85000000,47212.43000000,304.49130200,1628991899999,14395370.95675322,23004,162.54323200,7685463.66562184,0
1628991900000,47212.42000000,47216.90000000,47058.44000000,47137.80000000,272.83215200,1628992799999,12859780.08982821,19920,134.95695600,6361338.00964409,0
1628992800000,47137.80000000,47219.77000000,47120.12000000,47156.83000000,244.66739700,1628993699999,11542538.11526860,14971,116.54468300,5498306.19759672,0
1628993700000,47156.82000000,47324.00000000,47156.82000000,47238.65000000,306.08977200,1628994599999,14464324.61225869,16868,164.68320400,7781872.14381810,0
1628994600000,47238.66000000,47329.92000000,47238.65000000,47297.00000000,246.85878500,1628995499999,11671744.92217934,15753,134.14528600,6342600.86901034,0
1628995500000,47297.00000000,47298.87000000,47159.58000000,47182.21000000,226.01802700,1628996399999,10676651.10117202,13812,104.56029700,4939720.53016052,0
1628996400000,47182.20000000,47269.51000000,47115.05000000,47161.42000000,308.91568500,1628997299999,14578136.34094536,22387,133.33927400,6292336.12716162,0
1628997300000,47161.41000000,47192.02000000,47078.00000000,47157.83000000,217.88797300,1628998199999,10270484.22033434,22537,105.65888200,4980689.66599690,0
1628998200000,47157.84000000,47269.13000000,47109.90000000,47148.47000000,173.88965300,1628999099999,8207760.75312844,20922,101.30293900,4782304.83192968,0
1628999100000,47148.46000000,47148.47000000,46802.00000000,46874.81000000,470.71028600,1628999999999,22090275.26164336,29073,237.03808100,11121482.43631466,0
1629000000000,46877.72000000,46888.00000000,46450.00000000,46550.02000000,710.26346600,1629000899999,33136925.09098958,21442,326.94326200,15254814.53227933,0
1629000900000,46550.02000000,46748.45000000,46546.73000000,46742.43000000,293.86427100,1629001799999,13710614.39920969,9459,160.26614200,7477609.62308561,0
1629001800000,46742.44000000,46825.89000000,46650.95000000,46732.31000000,264.70424200,1629002699999,12372789.39900548,9078,156.62257700,7320541.69697116,0
1629002700000,46732.31000000,46742.67000000,46652.25000000,46721.99000000,174.87087600,1629003599999,8165842.84051841,7897,89.29490300,4169850.95490335,0
1629003600000,46721.99000000,46823.00000000,46627.98000000,46811.96000000,226.23174500,1629004499999,10574032.33635902,21552,110.29634500,5155108.64479899,0
1629004500000,46811.96000000,46880.00000000,46635.28000000,46716.57000000,231.24473800,1629005399999,10817951.40850531,22708,107.92654800,5049324.94309342,0
1629005400000,46716.57000000,46789.23000000,46574.73000000,46606.00000000,417.85449100,1629006299999,19491273.22290880,22587,251.12594300,11709712.69405311,0
1629006300000,46605.99000000,46696.37000000,46501.00000000,46622.09000000,349.46279000,1629007199999,16288498.62958708,22541,176.72315500,8237238.26790741,0
1629007200000,46617.70000000,46773.13000000,46536.21000000,46568.20000000,319.07639400,1629008099999,14881871.75594026,10085,182.68900400,8520805.44051196,0
1629008100000,46568.19000000,46573.89000000,46280.00000000,46435.00000000,679.19595500,1629008999999,31526301.37655254,17655,292.60390000,13582843.81518878,0
1629009000000,46434.99000000,46549.29000000,46363.47000000,46488.61000000,280.74340800,1629009899999,13043074.61997899,8781,168.47711700,7827758.96801145,0
1629009900000,46488.61000000,46561.04000000,46401.06000000,46406.29000000,237.29378800,1629010799999,11026031.85427820,8765,112.35456200,5220902.10659406,0
1629010800000,46406.29000000,46461.97000000,46132.78000000,46171.17000000,1038.00140200,1629011699999,48016549.19495058,21281,554.53166200,25645997.24195814,0
1629011700000,46171.17000000,46344.14000000,46140.01000000,46315.08000000,411.15617200,1629012599999,19017816.19293751,11788,248.60298000,11499682.20215508,0
1629012600000,46315.07000000,46315.07000000,46072.31000000,46092.13000000,603.35752300,1629013499999,27859586.86285527,14442,288.11684000,13303353.79920285,0
1629013500000,46092.13000000,46110.00000000,45519.00000000,45742.92000000,2196.68592400,1629014399999,100632476.90955639,51531,820.96163300,37598880.44162281,0
1629014400000,45738.34000000,45890.00000000,45555.55000000,45861.38000000,985.25032000,1629015299999,45045125.35270763,48265,602.28403200,27525426.56026263,0
1629015300000,45861.37000000,45868.97000000,45684.27000000,45724.73000000,503.38088200,1629016199999,23043063.35118160,41486,213.66578600,9779093.32214157,0
1629016200000,45724.74000000,45918.88000000,45630.69000000,45782.10000000,577.75934700,1629017099999,26458820.09963892,42719,280.80088800,12857547.49699556,0
1629017100000,45782.10000000,45894.77000000,45715.00000000,45732.93000000,415.40632400,1629017999999,19022391.52342646,40307,216.10281400,9895382.83764401,0
1629018000000,45732.94000000,45973.84000000,45640.00000000,45960.71000000,525.97026500,1629018899999,24087585.87366299,15839,256.65804600,11759245.68650114,0
1629018900000,45956.84000000,45972.85000000,45833.06000000,45863.31000000,357.15632100,1629019799999,16392961.41372713,11231,176.10040500,8082395.36131353,0
1629019800000,45863.31000000,46129.50000000,45812.41000000,46126.74000000,420.28439000,1629020699999,19315670.66918439,13248,245.71121100,11296074.55488397,0
1629020700000,46126.75000000,46167.26000000,45998.29000000,46027.35000000,465.90893600,1629021599999,21463438.67218456,13205,211.34108800,9737169.35482240,0
1629021600000,46027.34000000,46136.69000000,45916.44000000,46081.69000000,538.00692300,1629022499999,24758076.01297548,13195,209.50721400,9642589.69656284,0
1629022500000,46081.68000000,46142.97000000,45930.00000000,45996.32000000,731.10536200,1629023399999,33636230.14855770,13852,184.69600400,8498340.75176068,0
1629023400000,45996.32000000,46063.87000000,45844.80000000,45902.57000000,405.19892400,1629024299999,18616127.18379121,10329,133.94055300,6154420.83995657,0
1629024300000,45902.57000000,45957.92000000,45800.00000000,45929.98000000,331.85432100,1629025199999,15224801.28603370,9853,173.76167300,7972541.52356470,0
1629025200000,45929.98000000,45929.98000000,45658.30000000,45684.98000000,419.34068700,1629026099999,19200090.26466461,12837,179.71944100,8229909.98713002,0
1629026100000,45684.99000000,45881.72000000,45650.16000000,45878.77000000,279.08107000,1629026999999,12781765.19008658,9807,156.00857400,7144641.54944017,0
1629027000000,45878.76000000,46120.00000000,45859.01000000,46034.55000000,420.67969600,1629027899999,19360851.39212639,13173,229.31797200,10553717.48517780,0
1629027900000,46034.55000000,46034.56000000,45875.66000000,45923.57000000,496.61359200,1629028799999,22810470.99802022,11220,183.37538400,8423382.75913832,0
1629028800000,45923.57000000,46070.00000000,45805.01000000,45972.91000000,465.99230400,1629029699999,21410305.78553061,13167,257.99906900,11853371.74255507,0
1629029700000,45972.91000000,45991.75000000,45801.86000000,45886.81000000,285.37182100,1629030599999,13092864.77393146,9356,128.33337500,5888626.20109507,0
1629030600000,45886.81000000,45886.81000000,45700.44000000,45781.54000000,381.12952200,1629031499999,17450210.23481206,10864,190.61351900,8727437.08721090,0
1629031500000,45781.54000000,45915.36000000,45705.13000000,45808.00000000,240.05684000,1629032399999,10992825.62178880,8616,122.83811500,5625671.74297498,0
1629032400000,45808.00000000,45925.00000000,45721.67000000,45921.56000000,293.25582000,1629033299999,13443404.50561966,9303,144.61024400,6629068.92386633,0
1629033300000,45921.56000000,45956.24000000,45834.48000000,45885.41000000,205.22083800,1629034199999,9420671.28167282,8276,101.07057600,4639830.95412565,0
1629034200000,45885.40000000,45909.16000000,45600.54000000,45607.46000000,410.60310700,1629035099999,18787749.09745845,13160,181.13417700,8288351.21198930,0
1629035100000,45607.46000000,46070.00000000,45500.00000000,46050.00000000,1002.16622600,1629035999999,45877973.14768553,22612,478.96485900,21937862.96030848,0
1629036000000,46049.99000000,46498.89000000,45927.16000000,46342.93000000,1208.33231400,1629036899999,55931216.36291013,26592,656.61585200,30400284.42342457,0
1629036900000,46342.93000000,46420.00000000,46222.58000000,46328.53000000,445.14517300,1629037799999,20621976.59101594,12689,224.01611300,10378831.37955309,0
1629037800000,46328.53000000,46378.89000000,46149.56000000,46203.35000000,306.62994300,1629038699999,14179412.06373796,9719,136.74423400,6323251.61098190,0
1629038700000,46203.35000000,46203.35000000,45759.91000000,45862.84000000,652.61747800,1629039599999,29988119.92079131,18231,308.95307400,14196243.05119495,0
1629039600000,45862.84000000,46108.47000000,45810.73000000,46032.89000000,359.89052800,1629040499999,16541087.15615801,10773,203.30587800,9344841.51897472,0
1629040500000,46032.88000000,46050.00000000,45900.00000000,45934.37000000,172.52433300,1629041399999,7932174.82399681,7411,81.33999400,3740615.65759453,0
1629041400000,45934.37000000,46021.39000000,45851.34000000,46020.86000000,390.38280300,1629042299999,17942641.48338426,10066,221.49362500,10181269.75088105,0
1629042300000,46020.87000000,46199.50000000,45997.75000000,46167.90000000,475.60182600,1629043199999,21907925.05440713,12047,239.41901700,11029536.74124583,0
1629043200000,46173.49000000,46349.08000000,46061.27000000,46089.60000000,711.90948100,1629044099999,32913693.33559925,16228,263.01060900,12158705.66445894,0
1629044100000,46089.59000000,46177.71000000,45969.09000000,46126.47000000,289.04920800,1629044999999,13314076.74186986,9445,139.82608900,6441167.89714620,0
1629045000000,46126.48000000,46138.49000000,45928.84000000,45944.85000000,246.57525300,1629045899999,11344737.67258184,8272,112.64058000,5181492.00508221,0
1629045900000,45944.84000000,45997.28000000,45859.66000000,45890.47000000,180.67201400,1629046799999,8297886.04190162,7807,93.30189700,4285180.46629816,0
1629046800000,45890.46000000,45969.65000000,45654.45000000,45713.90000000,680.65806600,1629047699999,31139166.55538714,15755,370.46936400,16949147.90718876,0
1629047700000,45713.01000000,45971.00000000,45649.82000000,45901.05000000,413.34842300,1629048599999,18919822.01678267,12303,236.04197900,10807075.02698870,0
1629048600000,45901.05000000,46023.13000000,45850.60000000,45969.88000000,346.22757300,1629049499999,15903151.38068201,9970,198.44526900,9114751.42461014,0
1629049500000,45969.88000000,46072.46000000,45921.23000000,45973.90000000,361.71819100,1629050399999,16639009.46701599,10054,190.09622500,8744680.41815184,0
1629050400000,45973.90000000,46089.37000000,45928.24000000,46042.85000000,601.72102500,1629051299999,27688576.43605920,11935,430.85633200,19825821.04932309,0
1629051300000,46042.85000000,46042.85000000,45908.43000000,45988.04000000,234.64836500,1629052199999,10786533.21497085,8841,107.69288200,4950629.23110136,0
1629052200000,45988.04000000,46273.90000000,45835.76000000,46235.38000000,786.84818000,1629053099999,36242490.63858197,16638,442.74128800,20392078.26192118,0
1629053100000,46235.37000000,46299.00000000,46088.94000000,46281.82000000,390.77513500,1629053999999,18057235.08720602,10522,211.05916900,9751998.22374709,0
1629054000000,46281.82000000,46390.18000000,46125.77000000,46167.13000000,413.05101400,1629054899999,19100018.21800840,11596,205.25547300,9492404.55823475,0
1629054900000,46167.13000000,46243.39000000,46070.52000000,46225.20000000,303.03743700,1629055799999,13985534.50866559,8973,151.03838000,6972125.14787674,0
1629055800000,46225.21000000,46335.00000000,46174.75000000,46335.00000000,320.72910000,1629056699999,14839845.06417868,9450,175.10689300,8102250.07866902,0
1629056700000,46334.99000000,46428.21000000,46272.79000000,46341.80000000,368.81116100,1629057599999,17089216.10199209,10292,208.92042900,9681275.71544407,0
1629057600000,46337.77000000,46389.00000000,46254.24000000,46377.34000000,253.03763800,1629058499999,11718206.99564744,8722,133.00894000,6160262.96545711,0
1629058500000,46377.35000000,46500.00000000,46347.60000000,46472.30000000,422.39138100,1629059399999,19619064.69206734,12602,239.31453700,11115979.89427834,0
1629059400000,46472.30000000,46724.00000000,46465.48000000,46559.86000000,822.88311300,1629060299999,38327327.22078047,18431,541.25914200,25204952.07324795,0
1629060300000,46559.85000000,46735.63000000,46500.76000000,46676.30000000,375.24233600,1629061199999,17497221.01672304,11860,199.99446600,9326127.19745644,0
1629061200000,46676.31000000,46795.92000000,46663.04000000,46752.63000000,440.09197200,1629062099999,20567115.47241968,15235,204.02125700,9535321.70060798,0
1629062100000,46753.25000000,46900.00000000,46701.00000000,46705.20000000,361.27822700,1629062999999,16904400.20742518,16736,206.97258000,9684204.28120933,0
1629063000000,46707.51000000,46837.90000000,46450.00000000,46829.77000000,292.01437000,1629063899999,13624744.49635983,15373,141.73287200,6614302.52558931,0
1629063900000,46829.77000000,46980.00000000,46800.01000000,46837.56000000,358.85010000,1629064799999,16829386.76756949,14485,191.68606800,8990191.29049405,0
1629064800000,46837.57000000,47148.02000000,46835.00000000,46992.45000000,648.63181900,1629065699999,30505028.85205369,30319,401.42117600,18878508.11594120,0
1629065700000,46992.45000000,47170.00000000,46983.00000000,47147.11000000,521.07965800,1629066599999,24529200.12989692,21750,314.64819500,14808341.90085674,0
1629066600000,47147.10000000,47171.28000000,47056.30000000,47095.62000000,404.93303300,1629067499999,19078773.21616280,19659,196.54989200,9260454.59089628,0
1629067500000,47095.61000000,47255.00000000,47095.61000000,47210.67000000,467.32392700,1629068399999,22058680.90326101,21311,239.30140100,11295735.02277891,0
1629068400000,47210.67000000,47299.15000000,47090.01000000,47190.28000000,637.46920900,1629069299999,30084150.49166104,32537,293.08351000,13832781.41525377,0
1629069300000,47190.28000000,47195.50000000,46975.09000000,47085.03000000,548.61639800,1629070199999,25825327.55563120,27201,251.15140200,11823619.37666569,0
1629070200000,47085.04000000,47129.20000000,46856.37000000,46938.74000000,455.76466100,1629071099999,21421887.25091031,25419,209.25910200,9835017.40244802,0
1629071100000,46938.73000000,47070.50000000,46934.39000000,46973.82000000,310.25623600,1629071999999,14586065.06854683,23247,159.66717600,7505793.43765056,0
1629072000000,46973.82000000,47476.64000000,46741.44000000,47452.74000000,1079.29450100,1629072899999,50826036.56625800,35795,593.12089500,27950785.20659124,0
1629072900000,47452.74000000,47800.00000000,47328.83000000,47525.79000000,1955.02644100,1629073799999,93018281.77224957,60047,1109.87868600,52806897.92483336,0
1629073800000,47525.79000000,47800.00000000,47505.15000000,47656.11000000,771.30605800,1629074699999,36765197.54962895,24021,409.69270500,19528151.77185118,0
1629074700000,47656.11000000,47774.60000000,47538.48000000,47546.67000000,447.08841000,1629075599999,21308964.22763384,17089,219.64600900,10469772.63661873,0
1629075600000,47546.68000000,47661.49000000,47464.72000000,47487.69000000,531.20281100,1629076499999,25260545.41040801,13632,277.76999300,13209317.16938165,0
1629076500000,47487.69000000,47589.27000000,47475.24000000,47565.41000000,359.55017300,1629077399999,17089276.67803008,9814,213.84977700,10163754.15253578,0
1629077400000,47565.41000000,47692.19000000,47538.70000000,47543.48000000,316.80728900,1629078299999,15086666.17859349,10092,146.41808500,6972815.02838952,0
1629078300000,47543.48000000,47662.19000000,47508.98000000,47634.64000000,304.91716000,1629079199999,14508214.92354579,8662,191.49735300,9112096.24904482,0
1629079200000,47634.64000000,47764.97000000,47634.63000000,47670.00000000,381.11163800,1629080099999,18177753.07672751,10604,218.65163000,10428795.16244914,0
1629080100000,47670.00000000,47693.53000000,47578.13000000,47595.90000000,294.20618700,1629080999999,14010687.01544052,8605,131.94575200,6283380.56959754,0
1629081000000,47597.83000000,47696.98000000,47541.00000000,47689.99000000,252.33417400,1629081899999,12015952.07564486,8236,145.63568100,6935764.70898475,0
1629081900000,47689.99000000,48002.00000000,47688.89000000,47993.82000000,2329.40526800,1629082799999,111622823.44317445,37076,963.73438500,46177119.13474167,0
1629082800000,47993.81000000,48053.83000000,47643.06000000,47651.00000000,1010.41727300,1629083699999,48325553.44209708,25415,532.65612500,25478586.84283721,0
1629083700000,47651.00000000,47768.12000000,47613.37000000,47634.42000000,421.35816500,1629084599999,20085990.36200591,15807,222.33353500,10599556.77277689,0
1629084600000,47633.01000000,47704.81000000,47425.53000000,47492.44000000,560.41133700,1629085499999,26660707.15568533,20548,271.37484400,12912076.75154685,0
1629085500000,47492.43000000,47588.00000000,47291.44000000,47357.62000000,893.20143200,1629086399999,42374592.85384972,22774,508.66575000,24132006.60461386,0
1629086400000,47357.62000000,47530.07000000,47351.32000000,47406.03000000,681.78556600,1629087299999,32362984.98991338,15106,324.31075000,15392462.91055420,0
1629087300000,47405.60000000,47575.00000000,47400.06000000,47421.04000000,452.30221400,1629088199999,21478472.08370391,11743,208.88077300,9919536.65131721,0
1629088200000,47421.05000000,47519.20000000,47401.30000000,47485.67000000,292.04403500,1629089099999,13862291.36764021,10359,156.23260400,7415640.76934027,0
1629089100000,47485.67000000,47518.00000000,47387.00000000,47396.06000000,401.33259100,1629089999999,19050526.36672800,12211,182.11722400,8644805.83007687,0
1629090000000,47396.07000000,47599.99000000,47385.90000000,47495.90000000,767.59499700,1629090899999,36454642.46216779,18597,501.50428700,23810881.64565973,0
1629090900000,47495.91000000,47522.58000000,47450.00000000,47511.85000000,332.17200900,1629091799999,15773034.09034756,16801,161.70670800,7678612.57961378,0
1629091800000,47511.84000000,47528.93000000,47432.65000000,47520.01000000,337.09904400,1629092699999,16001750.55203380,15299,160.77180700,7631762.77112048,0
1629092700000,47520.00000000,47624.20000000,47400.00000000,47612.00000000,364.11229400,1629093599999,17301093.41842581,14406,175.95884000,8361305.08852715,0
1629093600000,47612.01000000,47719.30000000,47436.53000000,47440.99000000,422.53386100,1629094499999,20092892.09478433,19822,209.53406000,9966774.53422098,0
1629094500000,47441.00000000,47443.26000000,47182.35000000,47200.00000000,618.55983800,1629095399999,29243398.93944624,26572,285.97248200,13519561.44545119,0
1629095400000,47200.00000000,47380.00000000,47195.20000000,47358.00000000,304.43779100,1629096299999,14408397.48056443,18376,170.98908500,8091881.85975475,0
1629096300000,47358.00000000,47453.22000000,47270.00000000,47344.74000000,324.81659900,1629097199999,15392179.26477580,18746,172.18445000,8159882.05174941,0
1629097200000,47344.73000000,47425.00000000,47319.66000000,47360.74000000,265.30043600,1629098099999,12569606.94881647,9357,130.79396100,6196913.43232775,0
1629098100000,47360.74000000,47475.73000000,47289.08000000,47456.83000000,294.73462800,1629098999999,13960221.52876318,9397,124.31240900,5888824.63318290,0
1629099000000,47456.83000000,47500.00000000,47400.88000000,47433.01000000,298.43317200,1629099899999,14156634.09039617,9303,144.39341500,6849210.18923219,0
1629099900000,47433.01000000,47433.11000000,47300.00000000,47309.85000000,269.31474400,1629100799999,12753857.87658013,10157,120.79433200,5720118.57704397,0
1629100800000,47309.85000000,47420.00000000,47080.00000000,47157.07000000,643.17860500,1629101699999,30390211.19909835,18707,314.85920800,14877539.76884080,0
1629101700000,47157.07000000,47208.34000000,47000.00000000,47190.21000000,737.51936400,1629102599999,34735216.40088767,16657,321.30667800,15134671.22774804,0
1629102600000,47190.21000000,47253.62000000,47135.59000000,47195.87000000,260.35436700,1629103499999,12291288.40211682,10004,141.02453200,6657867.40960691,0
1629103500000,47195.87000000,47260.00000000,47122.62000000,47131.01000000,300.57531400,1629104399999,14182675.29701951,9991,153.77197500,7255838.96888916,0
1629104400000,47131.01000000,47208.06000000,47061.76000000,47208.06000000,271.71612500,1629105299999,12813832.76792385,10235,143.15638400,6751946.83616691,0
1629105300000,47208.06000000,47222.81000000,47051.00000000,47085.43000000,330.60525800,1629106199999,15581882.22278609,11376,143.99924500,6787115.93571270,0
1629106200000,47085.44000000,47200.79000000,47044.00000000,47089.99000000,488.74270000,1629107099999,23037223.92840446,12001,233.22429700,10994259.38358818,0
1629107100000,47089.99000000,47183.04000000,47031.98000000,47169.98000000,307.85668000,1629107999999,14505961.17733020,10843,178.66205200,8418518.38342078,0
1629108000000,47169.99000000,47534.00000000,47161.05000000,47373.78000000,738.30897600,1629108899999,34976706.92133993,18290,422.83203400,20033794.18893131,0
1629108900000,47373.78000000,47400.37000000,47256.06000000,47284.65000000,418.63793300,1629109799999,19820007.73189786,10165,228.44763000,10815762.03802054,0
1629109800000,47284.65000000,47380.45000000,47268.18000000,47350.76000000,337.95571600,1629110699999,15996394.09130967,10131,186.40604400,8823295.26266761,0
1629110700000,47350.76000000,47479.71000000,47299.81000000,47421.57000000,497.92149700,1629111599999,23591000.25504101,11958,264.48839700,12531537.39652512,0
1629111600000,47421.58000000,47620.00000000,47370.00000000,47565.44000000,444.99878400,1629112499999,21119504.89879672,13943,229.93113300,10915224.17226917,0
1629112500000,47565.44000000,47661.38000000,47476.19000000,47507.29000000,828.12602500,1629113399999,39386448.93332665,17501,323.64366900,15394195.26447034,0
1629113400000,47507.29000000,47543.13000000,47447.58000000,47472.60000000,449.76336100,1629114299999,21354249.15977173,12743,207.80831000,9866196.78889797,0
1629114300000,47472.60000000,47528.43000000,47434.27000000,47516.95000000,299.35372400,1629115199999,14214764.11915587,10579,164.83755100,7827494.08471876,0
1629115200000,47516.95000000,47709.12000000,47215.00000000,47344.15000000,829.83601900,1629116099999,39387705.76137062,24049,410.59447000,19488224.76600239,0
1629116100000,47344.15000000,47450.00000000,47214.54000000,47335.59000000,511.63743700,1629116999999,24221051.25102367,13373,252.90854900,11972079.14289072,0
1629117000000,47335.58000000,47404.95000000,47254.14000000,47261.00000000,339.01732300,1629117899999,16048860.02655084,9826,177.91896700,8423158.42409943,0
1629117900000,47261.01000000,47317.70000000,47157.61000000,47304.68000000,498.75758400,1629118799999,23562902.09147020,12940,202.80950700,9582510.02756945,0
1629118800000,47304.68000000,47368.94000000,47199.11000000,47248.23000000,459.44157800,1629119699999,21711746.10781301,13274,268.61741300,12694039.56381354,0
1629119700000,47248.22000000,47248.22000000,47050.00000000,47086.10000000,464.83792700,1629120599999,21908145.98895065,14152,208.21606200,9813086.73822906,0
1629120600000,47086.10000000,47165.15000000,46500.00000000,46593.16000000,1850.71305400,1629121499999,86539572.17090586,44221,809.98882500,37874851.15772268,0
1629121500000,46595.44000000,46696.00000000,46318.98000000,46440.28000000,1806.44188400,1629122399999,83951005.13174970,38884,952.42967400,44263369.98342922,0
1629122400000,46440.27000000,46604.68000000,46232.23000000,46392.77000000,1178.34103300,1629123299999,54682423.46470858,46747,607.39298800,28185859.60303654,0
1629123300000,46392.77000000,46496.20000000,46300.00000000,46396.50000000,662.21747700,1629124199999,30713834.93979536,37558,347.49517600,16116170.65519262,0
1629124200000,46396.51000000,46396.51000000,46158.69000000,46204.15000000,690.84097600,1629125099999,31963274.86209737,39677,302.05301800,13976668.71613682,0
1629125100000,46204.68000000,46383.81000000,46080.00000000,46101.60000000,826.76392300,1629125999999,38223203.11626178,40522,326.30767900,15089216.10124148,0
1629126000000,46101.59000000,46465.00000000,46012.90000000,46092.50000000,1098.29650600,1629126899999,50705756.76308323,37819,552.21408900,25508902.37633062,0
1629126900000,46092.50000000,46230.54000000,46071.93000000,46084.39000000,444.88154200,1629127799999,20528841.52663098,26357,223.31673100,10306335.94630034,0
1629127800000,46084.40000000,46363.17000000,45951.73000000,46338.41000000,989.05735200,1629128699999,45659198.04855791,35874,432.31969000,19966122.97485582,0
1629128700000,46338.41000000,46370.15000000,46263.18000000,46344.03000000,435.31240300,1629129599999,20160072.64811758,24622,219.34990000,10159040.74745149,0
1629129600000,46344.03000000,46582.89000000,46205.34000000,46486.16000000,762.69168000,1629130499999,35395713.84535051,19477,367.76918200,17073634.62670679,0
1629130500000,46486.16000000,46486.16000000,46270.85000000,46289.52000000,438.34403000,1629131399999,20323080.53367181,12519,184.31026500,8543075.10202136,0
1629131400000,46289.51000000,46388.67000000,46229.99000000,46358.27000000,285.72953400,1629132299999,13233075.17283342,10272,136.84519300,6338299.81519364,0
1629132300000,46358.26000000,46465.04000000,46336.19000000,46438.20000000,243.93789000,1629133199999,11318152.23765505,9274,136.84062900,6349069.44492788,0
1629133200000,46438.23000000,46438.24000000,46314.69000000,46346.66000000,333.10653000,1629134099999,15442204.42010657,10096,98.51528000,4567255.46865662,0
1629134100000,46346.66000000,46403.12000000,46175.01000000,46254.06000000,303.52282300,1629134999999,14049126.25722643,10493,131.82311000,6103162.00301141,0
1629135000000,46254.06000000,46413.25000000,46181.63000000,46410.77000000,276.79846100,1629135899999,12818995.33710001,9082,128.77094000,5963981.77660972,0
1629135900000,46410.78000000,46541.00000000,46387.00000000,46473.51000000,359.48228300,1629136799999,16707701.14931991,11096,165.41523800,7688184.76018949,0
1629136800000,46473.51000000,46547.12000000,46365.25000000,46526.09000000,397.50071300,1629137699999,18456718.30501885,12082,167.29152900,7768560.29691060,0
1629137700000,46526.08000000,46666.00000000,46469.29000000,46546.19000000,479.12770100,1629138599999,22316918.62376314,14062,252.75015700,11773968.20547371,0
1629138600000,46546.20000000,46559.23000000,46380.00000000,46397.01000000,300.05976100,1629139499999,13944199.30084257,10278,132.34817200,6151026.44393569,0
1629139500000,46397.00000000,46541.18000000,46390.18000000,46481.53000000,258.82153800,1629140399999,12022746.57005918,9933,139.94476600,6501104.33933965,0
1629140400000,46481.52000000,46481.53000000,46287.00000000,46299.99000000,295.26498800,1629141299999,13694282.02813948,11143,134.54453100,6240716.15362223,0
1629141300000,46300.00000000,46404.56000000,46232.06000000,46232.06000000,349.49161700,1629142199999,16183167.88916619,11563,190.11411400,8803630.31130063,0
1629142200000,46232.06000000,46405.51000000,46229.48000000,46358.43000000,247.35789700,1629143099999,11456929.62540172,9477,136.20723400,6308169.56342089,0
1629143100000,46358.44000000,46358.44000000,46067.51000000,46092.99000000,476.82608500,1629143999999,22011582.55800505,17027,205.30837100,9477484.22902728,0
1629144000000,46092.98000000,46119.09000000,45680.00000000,45850.01000000,1764.98741200,1629144899999,80886282.49744681,50311,762.46408900,34940427.91426986,0
1629144900000,45850.00000000,45890.00000000,45660.00000000,45769.35000000,999.14469300,1629145799999,45692471.41655406,20453,432.52543400,19780798.80058167,0
1629145800000,45769.35000000,45916.43000000,45714.12000000,45750.00000000,485.72707100,1629146699999,22255912.51768157,16745,244.75924700,11216051.45556586,0
1629146700000,45750.01000000,46094.00000000,45750.00000000,46057.67000000,572.64265500,1629147599999,26308889.26472128,15338,254.76202400,11702164.27423329,0
1629147600000,46057.67000000,46123.00000000,45939.73000000,46003.78000000,416.59070400,1629148499999,19173340.15161705,12140,223.31515800,10277993.98062001,0
1629148500000,46003.78000000,46200.00000000,45879.90000000,46127.94000000,373.94286000,1629149399999,17193566.37043954,12130,242.12612400,11133585.35409232,0
1629149400000,46127.94000000,46225.47000000,46124.32000000,46221.84000000,426.38257900,1629150299999,19687098.75662190,14072,254.71374000,11760224.61936016,0
1629150300000,46220.57000000,46246.11000000,46036.42000000,46049.97000000,189.80850000,1629151199999,8751353.89470597,7843,81.42946300,3754529.76175212,0
1629151200000,46049.98000000,46310.14000000,45980.57000000,46180.00000000,414.05388200,1629152099999,19118007.58536822,12695,205.49576900,9488543.26883214,0
1629152100000,46180.00000000,46337.62000000,46154.97000000,46173.75000000,252.49129000,1629152999999,11675363.88211962,8459,124.50112700,5757927.34444885,0
1629153000000,46173.75000000,46218.45000000,46071.40000000,46093.06000000,276.66536100,1629153899999,12765530.61751620,8239,126.77027400,5848790.03633305,0
1629153900000,46093.06000000,46239.89000000,46050.00000000,46121.11000000,230.98933900,1629154799999,10654804.65971661,8036,121.44637600,5601732.94041676,0
1629154800000,46121.10000000,46142.80000000,45978.97000000,46028.89000000,312.39328800,1629155699999,14387454.07102549,11795,139.48721400,6425258.45037394,0
1629155700000,46028.89000000,46043.81000000,45716.87000000,45909.29000000,474.18972000,1629156599999,21743309.87641676,15586,231.59332400,10619275.05207026,0
1629156600000,45909.28000000,46196.97000000,45909.28000000,46131.31000000,347.26662700,1629157499999,15999469.18685556,12020,184.51762100,8502382.14740508,0
1629157500000,46131.31000000,46134.99000000,45810.99000000,45901.29000000,359.01391900,1629158399999,16495993.31520301,12154,169.50647400,7787228.03397246,0
1629158400000,45901.30000000,46084.74000000,45717.24000000,45777.79000000,538.41675400,1629159299999,24697293.24306129,16724,237.15370900,10879816.59714214,0
1629159300000,45775.75000000,45827.23000000,45239.45000000,45556.10000000,1845.37991700,1629160199999,83963257.88788646,48795,698.43738100,31782435.83091305,0
1629160200000,45556.25000000,45680.19000000,45412.03000000,45504.84000000,701.86043600,1629161099999,31955902.98468216,18112,398.35058100,18139118.05316573,0
1629161100000,45504.84000000,45800.00000000,45463.77000000,45775.54000000,461.84287800,1629161999999,21104006.96130036,13097,279.57903300,12776699.36089332,0
